,INIT_STATE,seq_loop_status1.csv
,EXP_ACCUM,seq_loop_status2.csv
,UPDATE_LOOP_I,seq_loop_status3.csv
,K_TILE_LOOP,seq_loop_status4.csv
,Q_TILE_LOOP,seq_loop_status5.csv
grp_flash_attention_hls_Pipeline_LOAD_Q_VITIS_LOOP_69_1_fu_777,LOAD_Q_VITIS_LOOP_69_1,upc_loop_status1.csv
grp_flash_attention_hls_Pipeline_VITIS_LOOP_80_2_fu_792,VITIS_LOOP_80_2,upc_loop_status2.csv
grp_flash_attention_hls_Pipeline_LOAD_KV_VITIS_LOOP_93_3_fu_802,LOAD_KV_VITIS_LOOP_93_3,upc_loop_status3.csv
grp_flash_attention_hls_Pipeline_SCORE_LOOP_I_SCORE_LOOP_J_fu_824,SCORE_LOOP_I_SCORE_LOOP_J,upc_loop_status4.csv
grp_flash_attention_hls_Pipeline_FIND_MAX_fu_876,FIND_MAX,upc_loop_status5.csv
grp_flash_attention_hls_Pipeline_VITIS_LOOP_160_4_fu_884,VITIS_LOOP_160_4,upc_loop_status6.csv
grp_flash_attention_hls_Pipeline_UPDATE_ACC_fu_899,UPDATE_ACC,upc_loop_status7.csv
grp_flash_attention_hls_Pipeline_STORE_O_VITIS_LOOP_188_5_fu_915,STORE_O_VITIS_LOOP_188_5,upc_loop_status8.csv
